[ {
  "@id" : "http://purl.org/dc/elements/1.1/creator",
  "@type" : [ "http://www.w3.org/2002/07/owl#AnnotationProperty" ]
}, {
  "@id" : "http://purl.org/dc/elements/1.1/description",
  "@type" : [ "http://www.w3.org/2002/07/owl#AnnotationProperty" ]
}, {
  "@id" : "http://purl.org/dc/elements/1.1/rights",
  "@type" : [ "http://www.w3.org/2002/07/owl#AnnotationProperty" ]
}, {
  "@id" : "http://purl.org/dc/elements/1.1/title",
  "@type" : [ "http://www.w3.org/2002/07/owl#AnnotationProperty" ]
}, {
  "@id" : "http://purl.org/vocab/vann/preferredNamespacePrefix",
  "@type" : [ "http://www.w3.org/2002/07/owl#AnnotationProperty" ]
}, {
  "@id" : "http://w3id.org/sepses/vocab/event/log",
  "@type" : [ "http://www.w3.org/2002/07/owl#Ontology" ],
  "http://purl.org/dc/elements/1.1/creator" : [ {
    "@value" : "Andreas Ekelhart"
  }, {
    "@value" : "Elmar Kiesling"
  }, {
    "@value" : "Kabul Kurniawan"
  } ],
  "http://purl.org/dc/elements/1.1/description" : [ {
    "@language" : "en",
    "@value" : "An ontology to represent security log events."
  } ],
  "http://purl.org/dc/elements/1.1/rights" : [ {
    "@value" : "http://creativecommons.org/licenses/by/4.0/"
  } ],
  "http://purl.org/dc/elements/1.1/title" : [ {
    "@value" : ""
  } ],
  "http://www.w3.org/2002/07/owl#versionIRI" : [ {
    "@id" : "https://w3id.org/sepses/vocab/event/log/1.0.0"
  } ]
}, {
  "@id" : "http://w3id.org/sepses/vocab/event/log#Executable",
  "@type" : [ "http://www.w3.org/2002/07/owl#Class" ],
  "http://www.w3.org/2000/01/rdf-schema#comment" : [ {
    "@value" : "This class represent an individual executable of a process"
  } ]
}, {
  "@id" : "http://w3id.org/sepses/vocab/event/log#File",
  "@type" : [ "http://www.w3.org/2002/07/owl#Class" ],
  "http://www.w3.org/2000/01/rdf-schema#comment" : [ {
    "@value" : "The class to represent a file"
  } ],
  "http://www.w3.org/2000/01/rdf-schema#subClassOf" : [ {
    "@id" : "http://w3id.org/sepses/vocab/event/log#SystemObject"
  } ]
}, {
  "@id" : "http://w3id.org/sepses/vocab/event/log#Host",
  "@type" : [ "http://www.w3.org/2002/07/owl#Class" ],
  "http://www.w3.org/2000/01/rdf-schema#comment" : [ {
    "@value" : "This class represents a Host e.g. Computer, Server etc."
  } ]
}, {
  "@id" : "http://w3id.org/sepses/vocab/event/log#IPAddress",
  "@type" : [ "http://www.w3.org/2002/07/owl#Class" ],
  "http://www.w3.org/2000/01/rdf-schema#comment" : [ {
    "@value" : "This class represents an IPAddress "
  } ]
}, {
  "@id" : "http://w3id.org/sepses/vocab/event/log#LocalUser",
  "@type" : [ "http://www.w3.org/2002/07/owl#Class" ],
  "http://www.w3.org/2000/01/rdf-schema#comment" : [ {
    "@value" : "It represent a specific local user"
  } ],
  "http://www.w3.org/2000/01/rdf-schema#subClassOf" : [ {
    "@id" : "http://w3id.org/sepses/vocab/event/log#User"
  } ]
}, {
  "@id" : "http://w3id.org/sepses/vocab/event/log#Process",
  "@type" : [ "http://www.w3.org/2002/07/owl#Class" ],
  "http://www.w3.org/2000/01/rdf-schema#comment" : [ {
    "@value" : "This class represent an running process"
  } ],
  "http://www.w3.org/2000/01/rdf-schema#subClassOf" : [ {
    "@id" : "http://w3id.org/sepses/vocab/event/log#SystemObject"
  } ]
}, {
  "@id" : "http://w3id.org/sepses/vocab/event/log#RootUser",
  "@type" : [ "http://www.w3.org/2002/07/owl#Class" ],
  "http://www.w3.org/2000/01/rdf-schema#comment" : [ {
    "@value" : "This class represents Root User"
  } ],
  "http://www.w3.org/2000/01/rdf-schema#subClassOf" : [ {
    "@id" : "http://w3id.org/sepses/vocab/event/log#User"
  } ]
}, {
  "@id" : "http://w3id.org/sepses/vocab/event/log#Socket",
  "@type" : [ "http://www.w3.org/2002/07/owl#Class" ],
  "http://www.w3.org/2000/01/rdf-schema#comment" : [ {
    "@value" : "This class represent network connection (socket), a combination of IPAddress and Port e.g. 127.0.0.1:80"
  } ],
  "http://www.w3.org/2000/01/rdf-schema#subClassOf" : [ {
    "@id" : "http://w3id.org/sepses/vocab/event/log#SystemObject"
  } ]
}, {
  "@id" : "http://w3id.org/sepses/vocab/event/log#SystemObject",
  "@type" : [ "http://www.w3.org/2002/07/owl#Class" ],
  "http://www.w3.org/2000/01/rdf-schema#comment" : [ {
    "@value" : "The main class of event entity, represents any entity in an event e.g. process, file, socket etc."
  } ]
}, {
  "@id" : "http://w3id.org/sepses/vocab/event/log#SystemUser",
  "@type" : [ "http://www.w3.org/2002/07/owl#Class" ],
  "http://www.w3.org/2000/01/rdf-schema#comment" : [ {
    "@value" : "This class represents a system user"
  } ],
  "http://www.w3.org/2000/01/rdf-schema#subClassOf" : [ {
    "@id" : "http://w3id.org/sepses/vocab/event/log#User"
  } ]
}, {
  "@id" : "http://w3id.org/sepses/vocab/event/log#User",
  "@type" : [ "http://www.w3.org/2002/07/owl#Class" ],
  "http://www.w3.org/2000/01/rdf-schema#comment" : [ {
    "@value" : "The main class to represent User "
  } ]
}, {
  "@id" : "http://w3id.org/sepses/vocab/event/log#cmdLine",
  "@type" : [ "http://www.w3.org/2002/07/owl#DatatypeProperty" ],
  "http://www.w3.org/2000/01/rdf-schema#comment" : [ {
    "@value" : "Command Line"
  } ],
  "http://www.w3.org/2000/01/rdf-schema#domain" : [ {
    "@id" : "http://w3id.org/sepses/vocab/event/log#Process"
  } ],
  "http://www.w3.org/2000/01/rdf-schema#range" : [ {
    "@id" : "http://www.w3.org/2001/XMLSchema#string"
  } ]
}, {
  "@id" : "http://w3id.org/sepses/vocab/event/log#forks",
  "@type" : [ "http://www.w3.org/2002/07/owl#ObjectProperty" ],
  "http://www.w3.org/2000/01/rdf-schema#comment" : [ {
    "@value" : "This property represents fork connection between Processes , e.g. \"sh\" process forks \"sudo\" process."
  } ],
  "http://www.w3.org/2000/01/rdf-schema#domain" : [ {
    "@id" : "http://w3id.org/sepses/vocab/event/log#Process"
  } ],
  "http://www.w3.org/2000/01/rdf-schema#range" : [ {
    "@id" : "http://w3id.org/sepses/vocab/event/log#Process"
  } ],
  "http://www.w3.org/2000/01/rdf-schema#subPropertyOf" : [ {
    "@id" : "http://w3id.org/sepses/vocab/event/log#provRel"
  } ]
}, {
  "@id" : "http://w3id.org/sepses/vocab/event/log#hasExe",
  "@type" : [ "http://www.w3.org/2002/07/owl#ObjectProperty" ],
  "http://www.w3.org/2000/01/rdf-schema#comment" : [ {
    "@value" : "it represents original executable for a process"
  } ],
  "http://www.w3.org/2000/01/rdf-schema#domain" : [ {
    "@id" : "http://w3id.org/sepses/vocab/event/log#Process"
  } ],
  "http://www.w3.org/2000/01/rdf-schema#range" : [ {
    "@id" : "http://w3id.org/sepses/vocab/event/log#Executable"
  } ]
}, {
  "@id" : "http://w3id.org/sepses/vocab/event/log#hasHostIP",
  "@type" : [ "http://www.w3.org/2002/07/owl#ObjectProperty" ],
  "http://www.w3.org/2000/01/rdf-schema#comment" : [ {
    "@value" : "This property connects a socket with an IPAddress "
  } ],
  "http://www.w3.org/2000/01/rdf-schema#domain" : [ {
    "@id" : "http://w3id.org/sepses/vocab/event/log#Host"
  } ],
  "http://www.w3.org/2000/01/rdf-schema#range" : [ {
    "@id" : "http://w3id.org/sepses/vocab/event/log#IPAddress"
  } ]
}, {
  "@id" : "http://w3id.org/sepses/vocab/event/log#hasPotentialAttackTechnique",
  "@type" : [ "http://www.w3.org/2002/07/owl#ObjectProperty" ],
  "http://www.w3.org/2000/01/rdf-schema#comment" : [ {
    "@value" : "This property represents connection to the attack ontology (external class)"
  } ],
  "http://www.w3.org/2000/01/rdf-schema#range" : [ {
    "@id" : "http://w3id.org/sepses/vocab/ref/attack#Technique"
  } ]
}, {
  "@id" : "http://w3id.org/sepses/vocab/event/log#hasSocketIP",
  "@type" : [ "http://www.w3.org/2002/07/owl#ObjectProperty" ],
  "http://www.w3.org/2000/01/rdf-schema#comment" : [ {
    "@value" : "This property represent an IP Address for a certain Host "
  } ],
  "http://www.w3.org/2000/01/rdf-schema#domain" : [ {
    "@id" : "http://w3id.org/sepses/vocab/event/log#Socket"
  } ],
  "http://www.w3.org/2000/01/rdf-schema#range" : [ {
    "@id" : "http://w3id.org/sepses/vocab/event/log#IPAddress"
  } ]
}, {
  "@id" : "http://w3id.org/sepses/vocab/event/log#hasUser",
  "@type" : [ "http://www.w3.org/2002/07/owl#ObjectProperty" ],
  "http://www.w3.org/2000/01/rdf-schema#comment" : [ {
    "@value" : "This property represents User behind the running Process "
  } ],
  "http://www.w3.org/2000/01/rdf-schema#domain" : [ {
    "@id" : "http://w3id.org/sepses/vocab/event/log#Process"
  } ],
  "http://www.w3.org/2000/01/rdf-schema#range" : [ {
    "@id" : "http://w3id.org/sepses/vocab/event/log#User"
  } ]
}, {
  "@id" : "http://w3id.org/sepses/vocab/event/log#hostName",
  "@type" : [ "http://www.w3.org/2002/07/owl#DatatypeProperty" ],
  "http://www.w3.org/2000/01/rdf-schema#comment" : [ {
    "@value" : "Name of a Host"
  } ],
  "http://www.w3.org/2000/01/rdf-schema#domain" : [ {
    "@id" : "http://w3id.org/sepses/vocab/event/log#Host"
  } ],
  "http://www.w3.org/2000/01/rdf-schema#range" : [ {
    "@id" : "http://www.w3.org/2001/XMLSchema#string"
  } ]
}, {
  "@id" : "http://w3id.org/sepses/vocab/event/log#hostOS",
  "@type" : [ "http://www.w3.org/2002/07/owl#DatatypeProperty" ],
  "http://www.w3.org/2000/01/rdf-schema#comment" : [ {
    "@value" : "Host operating system"
  } ],
  "http://www.w3.org/2000/01/rdf-schema#domain" : [ {
    "@id" : "http://w3id.org/sepses/vocab/event/log#Host"
  } ],
  "http://www.w3.org/2000/01/rdf-schema#range" : [ {
    "@id" : "http://www.w3.org/2001/XMLSchema#string"
  } ]
}, {
  "@id" : "http://w3id.org/sepses/vocab/event/log#isExecutedBy",
  "@type" : [ "http://www.w3.org/2002/07/owl#ObjectProperty" ],
  "http://www.w3.org/2000/01/rdf-schema#comment" : [ {
    "@value" : "This property represents File execution by a Process"
  } ],
  "http://www.w3.org/2000/01/rdf-schema#domain" : [ {
    "@id" : "http://w3id.org/sepses/vocab/event/log#File"
  } ],
  "http://www.w3.org/2000/01/rdf-schema#range" : [ {
    "@id" : "http://w3id.org/sepses/vocab/event/log#Process"
  } ],
  "http://www.w3.org/2000/01/rdf-schema#subPropertyOf" : [ {
    "@id" : "http://w3id.org/sepses/vocab/event/log#provRel"
  } ]
}, {
  "@id" : "http://w3id.org/sepses/vocab/event/log#isReadBy",
  "@type" : [ "http://www.w3.org/2002/07/owl#ObjectProperty" ],
  "http://www.w3.org/2000/01/rdf-schema#comment" : [ {
    "@value" : "This property represents read event of a File by a Process"
  } ],
  "http://www.w3.org/2000/01/rdf-schema#domain" : [ {
    "@id" : "http://w3id.org/sepses/vocab/event/log#File"
  } ],
  "http://www.w3.org/2000/01/rdf-schema#range" : [ {
    "@id" : "http://w3id.org/sepses/vocab/event/log#Process"
  } ]
}, {
  "@id" : "http://w3id.org/sepses/vocab/event/log#isReceivedBy",
  "@type" : [ "http://www.w3.org/2002/07/owl#ObjectProperty" ],
  "http://www.w3.org/2000/01/rdf-schema#comment" : [ {
    "@value" : "This property represents connection received by Process from a Socket"
  } ],
  "http://www.w3.org/2000/01/rdf-schema#domain" : [ {
    "@id" : "http://w3id.org/sepses/vocab/event/log#Socket"
  } ],
  "http://www.w3.org/2000/01/rdf-schema#range" : [ {
    "@id" : "http://w3id.org/sepses/vocab/event/log#Process"
  } ],
  "http://www.w3.org/2000/01/rdf-schema#subPropertyOf" : [ {
    "@id" : "http://w3id.org/sepses/vocab/event/log#provRel"
  } ]
}, {
  "@id" : "http://w3id.org/sepses/vocab/event/log#originatesFrom",
  "@type" : [ "http://www.w3.org/2002/07/owl#ObjectProperty" ],
  "http://www.w3.org/2000/01/rdf-schema#comment" : [ {
    "@value" : "This property represents Host where a Process coming from"
  } ],
  "http://www.w3.org/2000/01/rdf-schema#domain" : [ {
    "@id" : "http://w3id.org/sepses/vocab/event/log#Process"
  } ],
  "http://www.w3.org/2000/01/rdf-schema#range" : [ {
    "@id" : "http://w3id.org/sepses/vocab/event/log#Host"
  } ]
}, {
  "@id" : "http://w3id.org/sepses/vocab/event/log#port",
  "@type" : [ "http://www.w3.org/2002/07/owl#DatatypeProperty" ],
  "http://www.w3.org/2000/01/rdf-schema#comment" : [ {
    "@value" : "IP port"
  } ],
  "http://www.w3.org/2000/01/rdf-schema#domain" : [ {
    "@id" : "http://w3id.org/sepses/vocab/event/log#Socket"
  } ],
  "http://www.w3.org/2000/01/rdf-schema#range" : [ {
    "@id" : "http://www.w3.org/2001/XMLSchema#integer"
  } ]
}, {
  "@id" : "http://w3id.org/sepses/vocab/event/log#provRel",
  "@type" : [ "http://www.w3.org/2002/07/owl#ObjectProperty" ],
  "http://www.w3.org/2000/01/rdf-schema#comment" : [ {
    "@value" : "The property to represent general connection between event entities e.g. Process to Process, Process to File, Process to Socket etc."
  } ],
  "http://www.w3.org/2000/01/rdf-schema#domain" : [ {
    "@id" : "http://w3id.org/sepses/vocab/event/log#SystemObject"
  } ],
  "http://www.w3.org/2000/01/rdf-schema#range" : [ {
    "@id" : "http://w3id.org/sepses/vocab/event/log#SystemObject"
  } ]
}, {
  "@id" : "http://w3id.org/sepses/vocab/event/log#sends",
  "@type" : [ "http://www.w3.org/2002/07/owl#ObjectProperty" ],
  "http://www.w3.org/2000/01/rdf-schema#comment" : [ {
    "@value" : "This property represents connection sent by Process to a Socket"
  } ],
  "http://www.w3.org/2000/01/rdf-schema#domain" : [ {
    "@id" : "http://w3id.org/sepses/vocab/event/log#Process"
  } ],
  "http://www.w3.org/2000/01/rdf-schema#range" : [ {
    "@id" : "http://w3id.org/sepses/vocab/event/log#Socket"
  } ],
  "http://www.w3.org/2000/01/rdf-schema#subPropertyOf" : [ {
    "@id" : "http://w3id.org/sepses/vocab/event/log#provRel"
  } ]
}, {
  "@id" : "http://w3id.org/sepses/vocab/event/log#userName",
  "@type" : [ "http://www.w3.org/2002/07/owl#DatatypeProperty" ],
  "http://www.w3.org/2000/01/rdf-schema#comment" : [ {
    "@value" : "Name of user"
  } ],
  "http://www.w3.org/2000/01/rdf-schema#domain" : [ {
    "@id" : "http://w3id.org/sepses/vocab/event/log#User"
  } ],
  "http://www.w3.org/2000/01/rdf-schema#range" : [ {
    "@id" : "http://www.w3.org/2001/XMLSchema#string"
  } ]
}, {
  "@id" : "http://w3id.org/sepses/vocab/event/log#writes",
  "@type" : [ "http://www.w3.org/2002/07/owl#ObjectProperty" ],
  "http://www.w3.org/2000/01/rdf-schema#comment" : [ {
    "@value" : "This property represents write event of a File by a Process"
  } ],
  "http://www.w3.org/2000/01/rdf-schema#domain" : [ {
    "@id" : "http://w3id.org/sepses/vocab/event/log#Process"
  } ],
  "http://www.w3.org/2000/01/rdf-schema#range" : [ {
    "@id" : "http://w3id.org/sepses/vocab/event/log#File"
  } ],
  "http://www.w3.org/2000/01/rdf-schema#subPropertyOf" : [ {
    "@id" : "http://w3id.org/sepses/vocab/event/log#provRel"
  } ]
}, {
  "@id" : "http://w3id.org/sepses/vocab/ref/attack#Technique",
  "@type" : [ "http://www.w3.org/2002/07/owl#Class" ]
} ]